id,email,tags,profiles.facebook.id,profiles.facebook.picture
0,colleengriffith@quintity.com,"consectetur,quis",0,//fbcdn.com/a2244bc1-b10c-4d91-9ce8-184337c6b898.jpg
1,maryellengriffin@ginkle.com,"veniam,elit,mollit",1,//fbcdn.com/12e070e0-21ea-4663-97d0-46bc9c7b67a4.jpg
2,hesterherman@exozent.com,"consectetur,et,irure",2,//fbcdn.com/412a957a-6387-44a5-91ac-3cad3cc2d8c1.jpg
3,romeromarks@exovent.com,"sint,laboris,ad",3,//fbcdn.com/557209e7-d617-4483-ac77-013690f58b10.jpg
4,marlamartin@stucco.com,"id,voluptate",4,//fbcdn.com/1570cb6b-9384-411f-83bc-d933dc5d114d.jpg
5,weekschase@maxemia.com,"ullamco,consequat,do",5,//fbcdn.com/c1ee744b-7962-48d3-b8fd-96ca55425ea0.jpg
6,grahamrichardson@marketoid.com,"fugiat,sint,voluptate",6,//fbcdn.com/67741ba9-53fb-4bd4-bb42-516ab8f3e1bd.jpg
7,mendozavalentine@entality.com,"nulla,sint",7,//fbcdn.com/4ca3087b-3c36-4f33-8ced-85996c44a4b0.jpg
8,wademcleod@updat.com,"fugiat,duis,exercitation",8,//fbcdn.com/b05115ad-fec0-4635-a8b5-af046805d2c9.jpg
9,bakerwatson@geekosis.com,"Lorem,cupidatat",9,//fbcdn.com/548c4633-4f74-4803-ab19-e3cb5acd526d.jpg
